,author,mean_rating,num_ratings,num_reviews,title,url
0,Jojo Moyes,4.17,"96,193 ratings","9,442 reviews",Still Me,https://www.goodreads.com/book/show/35791968-still-me?from_choice=true
1,Tayari Jones,3.98,"134,415 ratings","13,895 reviews",An American Marriage,https://www.goodreads.com/book/show/33590210-an-american-marriage?from_choice=true
2,Fredrik Backman,4.35,"45,036 ratings","6,608 reviews",Us Against You,https://www.goodreads.com/book/show/36373463-us-against-you?from_choice=true
3,Liane Moriarty,3.52,"105,514 ratings","12,408 reviews",Nine Perfect Strangers,https://www.goodreads.com/book/show/39280445-nine-perfect-strangers?from_choice=true
4,Hank Green,4.06,"32,049 ratings","6,203 reviews",An Absolutely Remarkable Thing,https://www.goodreads.com/book/show/38186611-an-absolutely-remarkable-thing?from_choice=true
5,Haruki Murakami,3.89,"14,548 ratings","2,009 reviews",Killing Commendatore,https://www.goodreads.com/book/show/38820047-killing-commendatore?from_choice=true
6,Tommy Orange,4.02,"44,190 ratings","6,825 reviews",There There,https://www.goodreads.com/book/show/36692478-there-there?from_choice=true
7,Shobha Rao,3.79,"11,763 ratings","1,881 reviews",Girls Burn Brighter,https://www.goodreads.com/book/show/34275212-girls-burn-brighter?from_choice=true
8,Emily Giffin,3.89,"58,399 ratings","5,271 reviews",All We Ever Wanted,https://www.goodreads.com/book/show/36723031-all-we-ever-wanted?from_choice=true
9,Lisa Genova,4.12,"26,851 ratings","4,397 reviews",Every Note Played,https://www.goodreads.com/book/show/36082326-every-note-played?from_choice=true
10,Meg Wolitzer,3.61,"29,416 ratings","3,554 reviews",The Female Persuasion,https://www.goodreads.com/book/show/35480518-the-female-persuasion?from_choice=true
11,Fatima Farheen Mirza,4.15,"22,999 ratings","3,833 reviews",A Place for Us,https://www.goodreads.com/book/show/36840397-a-place-for-us?from_choice=true
12,Jodi Picoult,3.67,"49,655 ratings","6,857 reviews",A Spark of Light,https://www.goodreads.com/book/show/39072220-a-spark-of-light?from_choice=true
13,Ottessa Moshfegh,3.70,"29,685 ratings","4,204 reviews",My Year of Rest and Relaxation,https://www.goodreads.com/book/show/36203391-my-year-of-rest-and-relaxation?from_choice=true
14,Mira T. Lee,3.93,"10,039 ratings","1,453 reviews",Everything Here Is Beautiful,https://www.goodreads.com/book/show/34262106-everything-here-is-beautiful?from_choice=true
15,Richard Powers,4.21,"13,309 ratings","2,581 reviews",The Overstory,https://www.goodreads.com/book/show/35187203-the-overstory?from_choice=true
16,Curtis Sittenfeld,3.75,"18,923 ratings","2,471 reviews","You Think It, I'll Say It",https://www.goodreads.com/book/show/35952871-you-think-it-i-ll-say-it?from_choice=true
17,Katherine Center,4.07,"23,822 ratings","4,007 reviews",How to Walk Away,https://www.goodreads.com/book/show/36249638-how-to-walk-away?from_choice=true
18,Meghan MacLean Weir,3.95,"17,288 ratings","2,364 reviews",The Book of Essie,https://www.goodreads.com/book/show/36723245-the-book-of-essie?from_choice=true
19,Rachel Kushner,3.51,"19,952 ratings","2,850 reviews",The Mars Room,https://www.goodreads.com/book/show/36373648-the-mars-room?from_choice=true
20,Stephen King,4.03,"94,338 ratings","10,605 reviews",The Outsider,https://www.goodreads.com/book/show/36124936-the-outsider?from_choice=true
21,A.J. Finn,3.94,"241,938 ratings","27,072 reviews",The Woman in the Window,https://www.goodreads.com/book/show/34848682-the-woman-in-the-window?from_choice=true
22,Robert Galbraith,4.27,"67,394 ratings","7,385 reviews",Lethal White,https://www.goodreads.com/book/show/40696964-lethal-white?from_choice=true
23,Greer Hendricks,3.84,"126,917 ratings","14,969 reviews",The Wife Between Us,https://www.goodreads.com/book/show/34189556-the-wife-between-us?from_choice=true
24,Lisa Jewell,4.06,"87,417 ratings","9,043 reviews",Then She Was Gone,https://www.goodreads.com/book/show/35297426-then-she-was-gone?from_choice=true
25,Bill Clinton,3.85,"61,119 ratings","7,579 reviews",The President Is Missing,https://www.goodreads.com/book/show/35085389-the-president-is-missing?from_choice=true
26,Ruth Ware,3.82,"57,934 ratings","7,752 reviews",The Death of Mrs. Westaway,https://www.goodreads.com/book/show/36373481-the-death-of-mrs-westaway?from_choice=true
27,Tana French,3.56,"33,118 ratings","5,393 reviews",The Witch Elm,https://www.goodreads.com/book/show/39723581-the-witch-elm?from_choice=true
28,Jane Harper,3.85,"45,027 ratings","5,255 reviews",Force of Nature,https://www.goodreads.com/book/show/34275222-force-of-nature?from_choice=true
29,Alice Feeney,3.84,"54,109 ratings","7,993 reviews",Sometimes I Lie,https://www.goodreads.com/book/show/34275231-sometimes-i-lie?from_choice=true
30,Stuart Turton,3.96,"43,382 ratings","8,957 reviews",The 7½ Deaths of Evelyn Hardcastle,https://www.goodreads.com/book/show/36337550-the-7-deaths-of-evelyn-hardcastle?from_choice=true
31,Catherine Steadman,3.63,"54,128 ratings","6,485 reviews",Something in the Water,https://www.goodreads.com/book/show/36388243-something-in-the-water?from_choice=true
32,C.J. Tudor,3.71,"39,086 ratings","6,186 reviews",The Chalk Man,https://www.goodreads.com/book/show/35356382-the-chalk-man?from_choice=true
33,Sujata Massey,3.92,"7,739 ratings","1,359 reviews",The Widows of Malabar Hill,https://www.goodreads.com/book/show/35133064-the-widows-of-malabar-hill?from_choice=true
34,J.D. Robb,4.36,"11,873 ratings","1,281 reviews",Leverage in Death,https://www.goodreads.com/book/show/37638161-leverage-in-death?from_choice=true
35,B.A. Paris,3.48,"39,627 ratings","6,331 reviews",Bring Me Back,https://www.goodreads.com/book/show/36448554-bring-me-back?from_choice=true
36,Simone St. James,4.06,"27,496 ratings","4,009 reviews",The Broken Girls,https://www.goodreads.com/book/show/35305625-the-broken-girls?from_choice=true
37,Riley Sager,4.07,"30,303 ratings","4,628 reviews",The Last Time I Lied,https://www.goodreads.com/book/show/36750068-the-last-time-i-lied?from_choice=true
38,Victoria Helen Stone,4.06,"10,843 ratings","1,487 reviews",Jane Doe,https://www.goodreads.com/book/show/36604959-jane-doe?from_choice=true
39,Joe Ide,3.89,"2,084 ratings",318 reviews,Wrecked,https://www.goodreads.com/book/show/38496758-wrecked?from_choice=true
40,Kristin Hannah,4.33,"209,619 ratings","23,917 reviews",The Great Alone,https://www.goodreads.com/book/show/34927828-the-great-alone?from_choice=true
41,Heather Morris,4.28,"169,682 ratings","15,455 reviews",The Tattooist of Auschwitz,https://www.goodreads.com/book/show/37486222-the-tattooist-of-auschwitz?from_choice=true
42,Chloe Benjamin,3.73,"88,466 ratings","10,322 reviews",The Immortalists,https://www.goodreads.com/book/show/30288282-the-immortalists?from_choice=true
43,Kate Morton,3.75,"34,477 ratings","5,897 reviews",The Clockmaker's Daughter,https://www.goodreads.com/book/show/38530939-the-clockmaker-s-daughter?from_choice=true
44,Delia Owens,4.53,"202,579 ratings","24,007 reviews",Where the Crawdads Sing,https://www.goodreads.com/book/show/37703550-where-the-crawdads-sing?from_choice=true
45,Chanel Cleeton,3.98,"30,128 ratings","3,854 reviews",Next Year in Havana,https://www.goodreads.com/book/show/34374628-next-year-in-havana?from_choice=true
46,Zeyn Joukhadar,3.89,"5,547 ratings","1,057 reviews",The Map of Salt and Stars,https://www.goodreads.com/book/show/36373417-the-map-of-salt-and-stars?from_choice=true
47,Kate Atkinson,3.53,"24,348 ratings","3,747 reviews",Transcription,https://www.goodreads.com/book/show/37946414-transcription?from_choice=true
48,Michael Ondaatje,3.67,"22,593 ratings","3,330 reviews",Warlight,https://www.goodreads.com/book/show/36723246-warlight?from_choice=true
49,Beatriz Williams,3.73,"20,999 ratings","2,318 reviews",The Summer Wives,https://www.goodreads.com/book/show/36381085-the-summer-wives?from_choice=true
50,Stephanie Dray,4.28,"14,029 ratings","2,064 reviews",My Dear Hamilton,https://www.goodreads.com/book/show/35397026-my-dear-hamilton?from_choice=true
51,Barbara Kingsolver,3.63,"22,156 ratings","3,708 reviews",Unsheltered,https://www.goodreads.com/book/show/38236861-unsheltered?from_choice=true
52,Rhys Bowen,3.97,"45,488 ratings","2,616 reviews",The Tuscan Child,https://www.goodreads.com/book/show/36097619-the-tuscan-child?from_choice=true
53,Ingrid Rojas Contreras,3.95,"6,478 ratings",989 reviews,Fruit of the Drunken Tree,https://www.goodreads.com/book/show/36636727-fruit-of-the-drunken-tree?from_choice=true
54,Paula McLain,3.84,"15,739 ratings","2,029 reviews",Love and Ruin,https://www.goodreads.com/book/show/36614133-love-and-ruin?from_choice=true
55,Eoin Dempsey,4.12,"27,688 ratings","1,888 reviews","White Rose, Black Forest",https://www.goodreads.com/book/show/35889209-white-rose-black-forest?from_choice=true
56,Bernard Cornwell,4.34,"4,634 ratings",429 reviews,War of the Wolf,https://www.goodreads.com/book/show/37946116-war-of-the-wolf?from_choice=true
57,Susanna Kearsley,3.95,"6,081 ratings","1,116 reviews",Bellewether,https://www.goodreads.com/book/show/39828805-bellewether?from_choice=true
58,Robert Dugoni,4.36,"26,187 ratings","2,794 reviews",The Extraordinary Life of Sam Hell,https://www.goodreads.com/book/show/35995489-the-extraordinary-life-of-sam-hell?from_choice=true
59,Rebecca Makkai,4.25,"19,777 ratings","2,773 reviews",The Great Believers,https://www.goodreads.com/book/show/36739329-the-great-believers?from_choice=true
60,Madeline Miller,4.31,"125,129 ratings","17,176 reviews",Circe,https://www.goodreads.com/book/show/35959740-circe?from_choice=true
61,Guillermo del Toro,3.93,"10,630 ratings","1,627 reviews",The Shape of Water,https://www.goodreads.com/book/show/36521316-the-shape-of-water?from_choice=true
62,Naomi Novik,4.28,"36,601 ratings","6,603 reviews",Spinning Silver,https://www.goodreads.com/book/show/37168303-spinning-silver?from_choice=true
63,Nora Roberts,4.05,"42,223 ratings","4,678 reviews",Year One,https://www.goodreads.com/book/show/34311452-year-one?from_choice=true
64,Ilona Andrews,4.42,"14,854 ratings","1,888 reviews",Iron and Magic,https://www.goodreads.com/book/show/35126152-iron-and-magic?from_choice=true
65,R.F. Kuang,4.01,"17,049 ratings","3,664 reviews",The Poppy War,https://www.goodreads.com/book/show/35887181-the-poppy-war?from_choice=true
66,Seanan McGuire,4.00,"14,272 ratings","2,902 reviews",Beneath the Sugar Sky,https://www.goodreads.com/book/show/27366528-beneath-the-sugar-sky?from_choice=true
67,Karen Marie Moning,4.33,"9,608 ratings","1,283 reviews",High Voltage,https://www.goodreads.com/book/show/35457273-high-voltage?from_choice=true
68,Patricia Briggs,4.28,"15,347 ratings","1,736 reviews",Burn Bright,https://www.goodreads.com/book/show/35839437-burn-bright?from_choice=true
69,Mark Lawrence,4.45,"12,837 ratings","1,267 reviews",Grey Sister,https://www.goodreads.com/book/show/35710709-grey-sister?from_choice=true
70,Peng Shepherd,3.71,"7,599 ratings","1,552 reviews",The Book of M,https://www.goodreads.com/book/show/36204070-the-book-of-m?from_choice=true
71,Katherine Arden,4.41,"29,837 ratings","4,403 reviews",The Girl in the Tower,https://www.goodreads.com/book/show/34050917-the-girl-in-the-tower?from_choice=true
72,Michael J. Sullivan,4.45,"6,708 ratings",620 reviews,Age of War,https://www.goodreads.com/book/show/35342928-age-of-war?from_choice=true
73,Aleron Kong,4.58,"6,407 ratings",676 reviews,The Land: Predators,https://www.goodreads.com/book/show/40629159-the-land?from_choice=true
74,Deborah Harkness,3.88,"17,579 ratings","2,110 reviews",Time's Convert,https://www.goodreads.com/book/show/38395454-time-s-convert?from_choice=true
75,Ilona Andrews,4.58,"15,206 ratings","1,955 reviews",Magic Triumphs,https://www.goodreads.com/book/show/17333180-magic-triumphs?from_choice=true
76,Josiah Bancroft,4.21,"9,487 ratings","1,559 reviews",Senlin Ascends,https://www.goodreads.com/book/show/35271523-senlin-ascends?from_choice=true
77,Brian McClellan,4.55,"4,519 ratings",329 reviews,Wrath of Empire,https://www.goodreads.com/book/show/28811018-wrath-of-empire?from_choice=true
78,Robert Jackson Bennett,4.29,"8,583 ratings","1,569 reviews",Foundryside,https://www.goodreads.com/book/show/37007781-foundryside?from_choice=true
79,Nicholas Eames,4.29,"5,177 ratings",855 reviews,Bloody Rose,https://www.goodreads.com/book/show/35052265-bloody-rose?from_choice=true
80,Madeline Miller,4.31,"125,140 ratings","17,176 reviews",Circe,https://www.goodreads.com/book/show/35959740-circe?from_choice=true
81,Guillermo del Toro,3.93,"10,630 ratings","1,627 reviews",The Shape of Water,https://www.goodreads.com/book/show/36521316-the-shape-of-water?from_choice=true
82,Naomi Novik,4.28,"36,601 ratings","6,603 reviews",Spinning Silver,https://www.goodreads.com/book/show/37168303-spinning-silver?from_choice=true
83,Nora Roberts,4.05,"42,223 ratings","4,678 reviews",Year One,https://www.goodreads.com/book/show/34311452-year-one?from_choice=true
84,Ilona Andrews,4.42,"14,854 ratings","1,888 reviews",Iron and Magic,https://www.goodreads.com/book/show/35126152-iron-and-magic?from_choice=true
85,R.F. Kuang,4.01,"17,049 ratings","3,664 reviews",The Poppy War,https://www.goodreads.com/book/show/35887181-the-poppy-war?from_choice=true
86,Seanan McGuire,4.00,"14,272 ratings","2,902 reviews",Beneath the Sugar Sky,https://www.goodreads.com/book/show/27366528-beneath-the-sugar-sky?from_choice=true
87,Karen Marie Moning,4.33,"9,608 ratings","1,283 reviews",High Voltage,https://www.goodreads.com/book/show/35457273-high-voltage?from_choice=true
88,Patricia Briggs,4.28,"15,347 ratings","1,736 reviews",Burn Bright,https://www.goodreads.com/book/show/35839437-burn-bright?from_choice=true
89,Mark Lawrence,4.45,"12,837 ratings","1,267 reviews",Grey Sister,https://www.goodreads.com/book/show/35710709-grey-sister?from_choice=true
90,Peng Shepherd,3.71,"7,599 ratings","1,552 reviews",The Book of M,https://www.goodreads.com/book/show/36204070-the-book-of-m?from_choice=true
91,Katherine Arden,4.41,"29,837 ratings","4,403 reviews",The Girl in the Tower,https://www.goodreads.com/book/show/34050917-the-girl-in-the-tower?from_choice=true
92,Michael J. Sullivan,4.45,"6,708 ratings",620 reviews,Age of War,https://www.goodreads.com/book/show/35342928-age-of-war?from_choice=true
93,Aleron Kong,4.58,"6,407 ratings",676 reviews,The Land: Predators,https://www.goodreads.com/book/show/40629159-the-land?from_choice=true
94,Deborah Harkness,3.88,"17,579 ratings","2,110 reviews",Time's Convert,https://www.goodreads.com/book/show/38395454-time-s-convert?from_choice=true
95,Ilona Andrews,4.58,"15,206 ratings","1,955 reviews",Magic Triumphs,https://www.goodreads.com/book/show/17333180-magic-triumphs?from_choice=true
96,Josiah Bancroft,4.21,"9,487 ratings","1,559 reviews",Senlin Ascends,https://www.goodreads.com/book/show/35271523-senlin-ascends?from_choice=true
97,Brian McClellan,4.55,"4,519 ratings",329 reviews,Wrath of Empire,https://www.goodreads.com/book/show/28811018-wrath-of-empire?from_choice=true
98,Robert Jackson Bennett,4.29,"8,583 ratings","1,569 reviews",Foundryside,https://www.goodreads.com/book/show/37007781-foundryside?from_choice=true
99,Nicholas Eames,4.29,"5,177 ratings",855 reviews,Bloody Rose,https://www.goodreads.com/book/show/35052265-bloody-rose?from_choice=true
100,Angie Thomas,4.54,"307,519 ratings","43,506 reviews",The Hate U Give,https://www.goodreads.com/book/show/32075671-the-hate-u-give?from_choice=true
101,Anthony Doerr,4.33,"798,403 ratings","66,383 reviews",All the Light We Cannot See,https://www.goodreads.com/book/show/18143977-all-the-light-we-cannot-see?from_choice=true
102,Sarah J. Maas,4.68,"226,234 ratings","31,620 reviews",A Court of Mist and Fury,https://www.goodreads.com/book/show/26073150-a-court-of-mist-and-fury?from_choice=true
103,Kathryn Stockett,4.46,"1,874,160 ratings","81,826 reviews",The Help,https://www.goodreads.com/book/show/4667024-the-help?from_choice=true
104,Kristin Hannah,4.56,"508,107 ratings","51,843 reviews",The Nightingale,https://www.goodreads.com/book/show/21853621-the-nightingale?from_choice=true
105,Andy Weir,4.40,"681,979 ratings","68,222 reviews",The Martian,https://www.goodreads.com/book/show/18007564-the-martian?from_choice=true
106,Gillian Flynn,4.06,"1,965,928 ratings","127,597 reviews",Gone Girl,https://www.goodreads.com/book/show/12837725-gone-girl?from_choice=true
107,Neil Gaiman,4.00,"415,327 ratings","43,203 reviews",The Ocean at the End of the Lane,https://www.goodreads.com/book/show/15783514-the-ocean-at-the-end-of-the-lane?from_choice=true
108,Suzanne Collins,4.29,"2,193,652 ratings","91,826 reviews",Catching Fire,https://www.goodreads.com/book/show/6148028-catching-fire?from_choice=true
109,John Green,4.24,"3,026,206 ratings","149,343 reviews",The Fault in Our Stars,https://www.goodreads.com/book/show/11870085-the-fault-in-our-stars?from_choice=true
110,Stephen King,4.31,"365,150 ratings","34,456 reviews",11/22/63,https://www.goodreads.com/book/show/10644930-11-22-63?from_choice=true
111,Sarah J. Maas,4.58,"178,067 ratings","18,503 reviews",Queen of Shadows,https://www.goodreads.com/book/show/18006496-queen-of-shadows?from_choice=true
112,George R.R. Martin,4.32,"495,558 ratings","21,323 reviews",A Dance with Dragons,https://www.goodreads.com/book/show/13422727-a-dance-with-dragons?from_choice=true
113,Celeste Ng,4.12,"344,208 ratings","30,021 reviews",Little Fires Everywhere,https://www.goodreads.com/book/show/34273236-little-fires-everywhere?from_choice=true
114,Rainbow Rowell,4.09,"733,576 ratings","60,790 reviews",Eleanor & Park,https://www.goodreads.com/book/show/15745753-eleanor-park?from_choice=true
115,Colleen Hoover,4.40,"150,916 ratings","21,667 reviews",It Ends with Us,https://www.goodreads.com/book/show/27276318-it-ends-with-us?from_choice=true
116,Pierce Brown,4.27,"189,881 ratings","21,114 reviews",Red Rising,https://www.goodreads.com/book/show/15839976-red-rising?from_choice=true
117,Sarah J. Maas,4.50,"162,223 ratings","20,329 reviews",A Court of Wings and Ruin,https://www.goodreads.com/book/show/23766634-a-court-of-wings-and-ruin?from_choice=true
118,Lisa Wingate,4.36,"213,167 ratings","20,679 reviews",Before We Were Yours,https://www.goodreads.com/book/show/32148570-before-we-were-yours?from_choice=true
119,Jennifer Niven,4.18,"218,913 ratings","27,183 reviews",All the Bright Places,https://www.goodreads.com/book/show/18460392-all-the-bright-places?from_choice=true
120,Helen Hoang,3.92,"63,738 ratings","11,063 reviews",The Kiss Quotient,https://www.goodreads.com/book/show/36577586-the-kiss-quotient?from_choice=true
121,Colleen Hoover,4.29,"38,099 ratings","5,839 reviews",All Your Perfects,https://www.goodreads.com/book/show/37588357-all-your-perfects?from_choice=true
122,Jasmine Guillory,3.52,"34,014 ratings","5,359 reviews",The Wedding Date,https://www.goodreads.com/book/show/35259631-the-wedding-date?from_choice=true
123,J.R. Ward,4.27,"12,540 ratings","1,383 reviews",The Thief,https://www.goodreads.com/book/show/35819729-the-thief?from_choice=true
124,E.L. James,4.10,"27,536 ratings","2,291 reviews",Darker,https://www.goodreads.com/book/show/32024902-darker?from_choice=true
125,Laura Thalassa,4.04,"17,006 ratings","2,313 reviews",Pestilence,https://www.goodreads.com/book/show/37769929-pestilence?from_choice=true
126,Mariana Zapata,4.33,"20,725 ratings","2,476 reviews",From Lukov with Love,https://www.goodreads.com/book/show/38503484-from-lukov-with-love?from_choice=true
127,Christina Lauren,3.89,"21,272 ratings","3,142 reviews",Roomies,https://www.goodreads.com/book/show/34466910-roomies?from_choice=true
128,Kristen Ashley,4.16,"15,537 ratings","1,606 reviews",The Hookup,https://www.goodreads.com/book/show/36587905-the-hookup?from_choice=true
129,Lisa Kleypas,4.07,"11,190 ratings","1,491 reviews",Hello Stranger,https://www.goodreads.com/book/show/35271196-hello-stranger?from_choice=true
130,Penelope Douglas,4.15,"17,826 ratings","2,374 reviews",Birthday Girl,https://www.goodreads.com/book/show/39862558-birthday-girl?from_choice=true
131,Vi Keeland,4.23,"16,712 ratings","1,654 reviews","Sex, Not Love",https://www.goodreads.com/book/show/36593240-sex-not-love?from_choice=true
132,Alyssa Cole,3.84,"5,780 ratings","1,388 reviews",A Princess in Theory,https://www.goodreads.com/book/show/35271238-a-princess-in-theory?from_choice=true
133,Ella Frank,4.40,"4,144 ratings",723 reviews,Robbie,https://www.goodreads.com/book/show/39086215-robbie?from_choice=true
134,Sarah MacLean,4.02,"6,392 ratings","1,013 reviews",Wicked and the Wallflower,https://www.goodreads.com/book/show/36301036-wicked-and-the-wallflower?from_choice=true
135,Christina Lauren,4.12,"21,077 ratings","3,962 reviews",Josh and Hazel's Guide to Not Dating,https://www.goodreads.com/book/show/40189670-josh-and-hazel-s-guide-to-not-dating?from_choice=true
136,Penny Reid,4.15,"7,853 ratings","1,010 reviews",Dr. Strange Beard,https://www.goodreads.com/book/show/36395874-dr-strange-beard?from_choice=true
137,K.A. Tucker,4.47,"10,676 ratings","1,946 reviews",The Simple Wild,https://www.goodreads.com/book/show/36373564-the-simple-wild?from_choice=true
138,Penny Reid,4.16,"9,220 ratings","1,148 reviews",Marriage of Inconvenience,https://www.goodreads.com/book/show/36395764-marriage-of-inconvenience?from_choice=true
139,Krista Ritchie,4.36,"3,161 ratings",466 reviews,Alphas Like Us,https://www.goodreads.com/book/show/39655232-alphas-like-us?from_choice=true
140,V.E. Schwab,4.29,"17,201 ratings","3,269 reviews",Vengeful,https://www.goodreads.com/book/show/37534835-vengeful?from_choice=true
141,Pierce Brown,4.23,"29,469 ratings","2,932 reviews",Iron Gold,https://www.goodreads.com/book/show/33257757-iron-gold?from_choice=true
142,Christina Dalcher,3.60,"25,831 ratings","5,303 reviews",Vox,https://www.goodreads.com/book/show/37796866-vox?from_choice=true
143,Sylvain Neuvel,3.66,"14,060 ratings","2,084 reviews",Only Human,https://www.goodreads.com/book/show/35820656-only-human?from_choice=true
144,Leni Zumas,3.70,"13,549 ratings","2,300 reviews",Red Clocks,https://www.goodreads.com/book/show/35099035-red-clocks?from_choice=true
145,Nnedi Okorafor,4.10,"8,592 ratings","1,179 reviews",The Night Masquerade,https://www.goodreads.com/book/show/34386617-the-night-masquerade?from_choice=true
146,James S.A. Corey,4.35,"21,890 ratings","1,546 reviews",Persepolis Rising,https://www.goodreads.com/book/show/33357930-persepolis-rising?from_choice=true
147,Martha Wells,4.28,"16,748 ratings","2,024 reviews",Artificial Condition,https://www.goodreads.com/book/show/36223860-artificial-condition?from_choice=true
148,Charles Soule,3.71,"7,240 ratings",979 reviews,The Oracle Year,https://www.goodreads.com/book/show/35230913-the-oracle-year?from_choice=true
149,John Scalzi,4.01,"11,276 ratings","1,357 reviews",Head On,https://www.goodreads.com/book/show/35018901-head-on?from_choice=true
150,Becky Chambers,4.16,"10,567 ratings","1,862 reviews",Record of a Spaceborn Few,https://www.goodreads.com/book/show/36220698-record-of-a-spaceborn-few?from_choice=true
151,Timothy Zahn,3.91,"7,017 ratings",815 reviews,Alliances,https://www.goodreads.com/book/show/36385830-alliances?from_choice=true
152,Ling Ma,3.84,"12,235 ratings","2,002 reviews",Severance,https://www.goodreads.com/book/show/36348525-severance?from_choice=true
153,Mary Robinette Kowal,4.16,"7,149 ratings","1,369 reviews",The Calculating Stars,https://www.goodreads.com/book/show/33080122-the-calculating-stars?from_choice=true
154,Tade Thompson,3.82,"3,184 ratings",641 reviews,Rosewater,https://www.goodreads.com/book/show/38362809-rosewater?from_choice=true
155,Liu Cixin,3.85,"2,677 ratings",348 reviews,Ball Lightning,https://www.goodreads.com/book/show/32076670-ball-lightning?from_choice=true
156,Catherynne M. Valente,3.53,"6,209 ratings","1,656 reviews",Space Opera,https://www.goodreads.com/book/show/35297390-space-opera?from_choice=true
157,Tom Sweterlitsch,3.96,"5,736 ratings",912 reviews,The Gone World,https://www.goodreads.com/book/show/33413556-the-gone-world?from_choice=true
158,Yoon Ha Lee,4.19,"2,792 ratings",375 reviews,Revenant Gun,https://www.goodreads.com/book/show/36373688-revenant-gun?from_choice=true
159,John Scalzi,4.24,"9,941 ratings","1,121 reviews",The Consuming Fire,https://www.goodreads.com/book/show/37534901-the-consuming-fire?from_choice=true
160,Stephen King,3.70,"43,436 ratings","6,320 reviews",Elevation,https://www.goodreads.com/book/show/38355410-elevation?from_choice=true
161,Zoje Stage,3.65,"20,957 ratings","4,982 reviews",Baby Teeth,https://www.goodreads.com/book/show/35410511-baby-teeth?from_choice=true
162,Dacre Stoker,4.06,"3,847 ratings",770 reviews,Dracul,https://www.goodreads.com/book/show/38363799-dracul?from_choice=true
163,Anne Rice,3.78,"2,388 ratings",392 reviews,The Passion of Cleopatra,https://www.goodreads.com/book/show/34449265-the-passion-of-cleopatra?from_choice=true
164,John Connolly,4.20,"4,160 ratings",495 reviews,The Woman in the Woods,https://www.goodreads.com/book/show/36373398-the-woman-in-the-woods?from_choice=true
165,Paul Tremblay,3.32,"16,386 ratings","3,109 reviews",The Cabin at the End of the World,https://www.goodreads.com/book/show/36381091-the-cabin-at-the-end-of-the-world?from_choice=true
166,Darcy Coates,4.02,"5,603 ratings",653 reviews,Craven Manor,https://www.goodreads.com/book/show/37824221-craven-manor?from_choice=true
167,Alma Katsu,3.65,"6,860 ratings","1,277 reviews",The Hunger,https://www.goodreads.com/book/show/30285766-the-hunger?from_choice=true
168,Grady Hendrix,3.96,"2,951 ratings",695 reviews,We Sold Our Souls,https://www.goodreads.com/book/show/39790706-we-sold-our-souls?from_choice=true
169,Stephen King,3.53,"2,233 ratings",412 reviews,Flight or Fright: 17 Turbulent Tales,https://www.goodreads.com/book/show/39217966-flight-or-fright?from_choice=true
170,Michael Rutger,3.81,"5,299 ratings",978 reviews,The Anomaly,https://www.goodreads.com/book/show/36342156-the-anomaly?from_choice=true
171,Mallory Ortberg,3.36,"4,050 ratings",815 reviews,The Merry Spinster: Tales of Everyday Horror,https://www.goodreads.com/book/show/35035160-the-merry-spinster?from_choice=true
172,Iain Reid,3.68,"3,976 ratings",940 reviews,Foe,https://www.goodreads.com/book/show/37510662-foe?from_choice=true
173,Darcy Coates,4.10,"2,428 ratings",325 reviews,The Carrow Haunt,https://www.goodreads.com/book/show/39707880-the-carrow-haunt?from_choice=true
174,Dot Hutchison,4.31,"9,638 ratings",795 reviews,The Summer Children,https://www.goodreads.com/book/show/35655156-the-summer-children?from_choice=true
175,Jonathan Janz,4.04,463 ratings,211 reviews,The Siren and the Specter,https://www.goodreads.com/book/show/38608066-the-siren-and-the-specter?from_choice=true
176,Peter Meredith,4.25,715 ratings,89 reviews,Generation Z,https://www.goodreads.com/book/show/38392331-generation-z?from_choice=true
177,Ezekiel Boone,3.69,"1,288 ratings",278 reviews,Zero Day,https://www.goodreads.com/book/show/35297544-zero-day?from_choice=true
178,Ellen Datlow,3.57,299 ratings,62 reviews,The Devil and the Deep,https://www.goodreads.com/book/show/36049101-the-devil-and-the-deep?from_choice=true
179,Charles Stross,4.18,"2,196 ratings",185 reviews,The Labyrinth Index,https://www.goodreads.com/book/show/36694914-the-labyrinth-index?from_choice=true
180,Stephen King,3.70,"43,436 ratings","6,320 reviews",Elevation,https://www.goodreads.com/book/show/38355410-elevation?from_choice=true
181,Zoje Stage,3.65,"20,957 ratings","4,982 reviews",Baby Teeth,https://www.goodreads.com/book/show/35410511-baby-teeth?from_choice=true
182,Dacre Stoker,4.06,"3,847 ratings",770 reviews,Dracul,https://www.goodreads.com/book/show/38363799-dracul?from_choice=true
183,Anne Rice,3.78,"2,388 ratings",392 reviews,The Passion of Cleopatra,https://www.goodreads.com/book/show/34449265-the-passion-of-cleopatra?from_choice=true
184,John Connolly,4.20,"4,160 ratings",495 reviews,The Woman in the Woods,https://www.goodreads.com/book/show/36373398-the-woman-in-the-woods?from_choice=true
185,Paul Tremblay,3.32,"16,386 ratings","3,109 reviews",The Cabin at the End of the World,https://www.goodreads.com/book/show/36381091-the-cabin-at-the-end-of-the-world?from_choice=true
186,Darcy Coates,4.02,"5,603 ratings",653 reviews,Craven Manor,https://www.goodreads.com/book/show/37824221-craven-manor?from_choice=true
187,Alma Katsu,3.65,"6,860 ratings","1,277 reviews",The Hunger,https://www.goodreads.com/book/show/30285766-the-hunger?from_choice=true
188,Grady Hendrix,3.96,"2,951 ratings",695 reviews,We Sold Our Souls,https://www.goodreads.com/book/show/39790706-we-sold-our-souls?from_choice=true
189,Stephen King,3.53,"2,233 ratings",412 reviews,Flight or Fright: 17 Turbulent Tales,https://www.goodreads.com/book/show/39217966-flight-or-fright?from_choice=true
190,Michael Rutger,3.81,"5,299 ratings",978 reviews,The Anomaly,https://www.goodreads.com/book/show/36342156-the-anomaly?from_choice=true
191,Mallory Ortberg,3.36,"4,050 ratings",815 reviews,The Merry Spinster: Tales of Everyday Horror,https://www.goodreads.com/book/show/35035160-the-merry-spinster?from_choice=true
192,Iain Reid,3.68,"3,976 ratings",940 reviews,Foe,https://www.goodreads.com/book/show/37510662-foe?from_choice=true
193,Darcy Coates,4.10,"2,428 ratings",325 reviews,The Carrow Haunt,https://www.goodreads.com/book/show/39707880-the-carrow-haunt?from_choice=true
194,Dot Hutchison,4.31,"9,638 ratings",795 reviews,The Summer Children,https://www.goodreads.com/book/show/35655156-the-summer-children?from_choice=true
195,Jonathan Janz,4.04,463 ratings,211 reviews,The Siren and the Specter,https://www.goodreads.com/book/show/38608066-the-siren-and-the-specter?from_choice=true
196,Peter Meredith,4.25,715 ratings,89 reviews,Generation Z,https://www.goodreads.com/book/show/38392331-generation-z?from_choice=true
197,Ezekiel Boone,3.69,"1,288 ratings",278 reviews,Zero Day,https://www.goodreads.com/book/show/35297544-zero-day?from_choice=true
198,Ellen Datlow,3.57,299 ratings,62 reviews,The Devil and the Deep,https://www.goodreads.com/book/show/36049101-the-devil-and-the-deep?from_choice=true
199,Charles Stross,4.18,"2,196 ratings",185 reviews,The Labyrinth Index,https://www.goodreads.com/book/show/36694914-the-labyrinth-index?from_choice=true
200,Tiffany Haddish,3.90,"34,980 ratings","4,884 reviews",The Last Black Unicorn,https://www.goodreads.com/book/show/34974310-the-last-black-unicorn?from_choice=true
201,David Sedaris,4.20,"45,892 ratings","5,465 reviews",Calypso,https://www.goodreads.com/book/show/36341620-calypso?from_choice=true
202,Megan Mullally,3.67,"8,730 ratings","1,523 reviews",The Greatest Love Story Ever Told,https://www.goodreads.com/book/show/38919266-the-greatest-love-story-ever-told?from_choice=true
203,Busy Philipps,3.96,"13,494 ratings","1,565 reviews",This Will Only Hurt a Little,https://www.goodreads.com/book/show/40598936-this-will-only-hurt-a-little?from_choice=true
204,Andrew Shaffer,3.54,"7,063 ratings","1,944 reviews",Hope Never Dies,https://www.goodreads.com/book/show/36875820-hope-never-dies?from_choice=true
205,Retta,3.88,"4,419 ratings",836 reviews,"So Close to Being the Sh*t, Y’all Don’t Even Know",https://www.goodreads.com/book/show/36467874-so-close-to-being-the-sh-t-y-all-don-t-even-know?from_choice=true
206,Phoebe Robinson,3.93,"3,353 ratings",445 reviews,"Everything's Trash, But It's Okay",https://www.goodreads.com/book/show/38649805-everything-s-trash-but-it-s-okay?from_choice=true
207,Lisa Scottoline,3.89,"1,003 ratings",256 reviews,I See Life Through Rosé-Colored Glasses,https://www.goodreads.com/book/show/36261280-i-see-life-through-ros--colored-glasses?from_choice=true
208,Jimmy O. Yang,3.97,"2,554 ratings",342 reviews,How to American: An Immigrant's Guide to Disappointing Your Parents,https://www.goodreads.com/book/show/35959613-how-to-american?from_choice=true
209,D.L. Hughley,4.03,"1,543 ratings",290 reviews,How Not to Get Shot: And Other Advice From White People,https://www.goodreads.com/book/show/40170039-how-not-to-get-shot?from_choice=true
210,Ellie Kemper,3.38,"6,089 ratings",864 reviews,My Squirrel Days,https://www.goodreads.com/book/show/38532145-my-squirrel-days?from_choice=true
211,Eric Idle,3.86,"3,208 ratings",648 reviews,Always Look on the Bright Side of Life: A Sortabiography,https://www.goodreads.com/book/show/39022876-always-look-on-the-bright-side-of-life?from_choice=true
212,Guy Branum,4.07,"1,936 ratings",294 reviews,My Life as a Goddess: A Memoir through (Un)Popular Culture,https://www.goodreads.com/book/show/36373406-my-life-as-a-goddess?from_choice=true
213,Mike Reiss,3.92,"1,575 ratings",238 reviews,"Springfield Confidential: Jokes, Secrets, and Outright Lies from a Lifetime Writing for The Simpsons",https://www.goodreads.com/book/show/36220700-springfield-confidential?from_choice=true
214,Nell Scovell,3.96,"2,302 ratings",352 reviews,Just the Funny Parts: ... And a Few Hard Truths About Sneaking Into the Hollywood Boys' Club,https://www.goodreads.com/book/show/30531870-just-the-funny-parts?from_choice=true
215,Simon Rich,3.83,"1,015 ratings",152 reviews,Hits and Misses,https://www.goodreads.com/book/show/36546633-hits-and-misses?from_choice=true
216,Sloane Crosley,3.75,"4,351 ratings",465 reviews,Look Alive Out There,https://www.goodreads.com/book/show/35259574-look-alive-out-there?from_choice=true
217,Tom Papa,3.73,508 ratings,102 reviews,Your Dad Stole My Rake: And Other Family Dilemmas,https://www.goodreads.com/book/show/36742998-your-dad-stole-my-rake?from_choice=true
218,Erin Gibson,4.13,"1,934 ratings",279 reviews,Feminasty: The Complicated Woman's Guide to Surviving the Patriarchy Without Drinking Herself to Death,https://www.goodreads.com/book/show/37954228-feminasty?from_choice=true
219,Maeve Higgins,3.57,"1,210 ratings",192 reviews,Maeve in America: Essays by a Girl from Somewhere Else,https://www.goodreads.com/book/show/36906099-maeve-in-america?from_choice=true
220,Michelle McNamara,4.18,"88,020 ratings","9,906 reviews",I'll Be Gone in the Dark: One Woman's Obsessive Search for the Golden State Killer,https://www.goodreads.com/book/show/35271190-i-ll-be-gone-in-the-dark?from_choice=true
221,Rachel Hollis,3.81,"95,273 ratings","11,432 reviews","Girl, Wash Your Face: Stop Believing the Lies About Who You Are so You Can Become Who You Were Meant to Be",https://www.goodreads.com/book/show/35754629-girl-wash-your-face?from_choice=true
222,Bob Woodward,3.92,"38,281 ratings","5,712 reviews",Fear: Trump in the White House,https://www.goodreads.com/book/show/41012533-fear?from_choice=true
223,Reese Witherspoon,3.64,"13,526 ratings","1,868 reviews","Whiskey in a Teacup: What Growing Up in the South Taught Me About Life, Love, & Baking Biscuits",https://www.goodreads.com/book/show/40009804-whiskey-in-a-teacup?from_choice=true
224,Susan Orlean,4.01,"30,205 ratings","6,248 reviews",The Library Book,https://www.goodreads.com/book/show/39507318-the-library-book?from_choice=true
225,Yuval Noah Harari,4.21,"30,419 ratings","3,015 reviews",21 Lessons for the 21st Century,https://www.goodreads.com/book/show/38820046-21-lessons-for-the-21st-century?from_choice=true
226,Roxane Gay,4.51,"7,827 ratings","1,271 reviews",Not That Bad: Dispatches from Rape Culture,https://www.goodreads.com/book/show/36381052-not-that-bad?from_choice=true
227,Ijeoma Oluo,4.55,"9,683 ratings","1,713 reviews",So You Want to Talk About Race,https://www.goodreads.com/book/show/35099718-so-you-want-to-talk-about-race?from_choice=true
228,Jordan B. Peterson,3.98,"49,345 ratings","5,173 reviews",12 Rules for Life: An Antidote to Chaos,https://www.goodreads.com/book/show/30257963-12-rules-for-life?from_choice=true
229,Hans Rosling,4.37,"42,844 ratings","4,569 reviews",Factfulness: Ten Reasons We're Wrong About the World – and Why Things Are Better Than You Think,https://www.goodreads.com/book/show/40933227-factfulness?from_choice=true
230,John Carreyrou,4.48,"74,845 ratings","8,286 reviews",Bad Blood: Secrets and Lies in a Silicon Valley Startup,https://www.goodreads.com/book/show/37976541-bad-blood?from_choice=true
231,Madeleine K. Albright,4.31,"8,422 ratings","1,430 reviews",Fascism: A Warning,https://www.goodreads.com/book/show/35820413-fascism?from_choice=true
232,James Patterson,3.81,"6,953 ratings",606 reviews,"All-American Murder: The Rise and Fall of Aaron Hernandez, the Superstar Whose Life Ended on Murderers' Row",https://www.goodreads.com/book/show/35181833-all-american-murder?from_choice=true
233,Steven Pinker,4.24,"10,720 ratings","1,500 reviews","Enlightenment Now: The Case for Reason, Science, Humanism, and Progress",https://www.goodreads.com/book/show/35696171-enlightenment-now?from_choice=true
234,James Clear,4.33,"19,318 ratings","2,009 reviews",Atomic Habits: An Easy & Proven Way to Build Good Habits & Break Bad Ones,https://www.goodreads.com/book/show/40121378-atomic-habits?from_choice=true
235,Michael Isikoff,4.27,"5,056 ratings",748 reviews,Russian Roulette: The Inside Story of Putin's War on America and the Election of Donald Trump,https://www.goodreads.com/book/show/36222733-russian-roulette?from_choice=true
236,Beth Macy,4.15,"10,441 ratings","1,641 reviews","Dopesick: Dealers, Doctors, and the Drug Company that Addicted America",https://www.goodreads.com/book/show/37486540-dopesick?from_choice=true
237,Kirk Wallace Johnson,4.03,"7,433 ratings","1,226 reviews","The Feather Thief: Beauty, Obsession, and the Natural History Heist of the Century",https://www.goodreads.com/book/show/35901186-the-feather-thief?from_choice=true
238,Nassim Nicholas Taleb,3.85,"8,606 ratings",981 reviews,Skin in the Game: Hidden Asymmetries in Daily Life,https://www.goodreads.com/book/show/36507099-skin-in-the-game?from_choice=true
239,Suzanne Stabile,4.15,"2,007 ratings",233 reviews,The Path Between Us: An Enneagram Journey to Healthy Relationships,https://www.goodreads.com/book/show/36638638-the-path-between-us?from_choice=true
240,Tara Westover,4.49,"290,071 ratings","33,183 reviews",Educated,https://www.goodreads.com/book/show/35133922-educated?from_choice=true
241,Michelle Obama,4.63,"200,667 ratings","24,354 reviews",Becoming,https://www.goodreads.com/book/show/38744839-becoming?from_choice=true
242,Sally Field,3.92,"15,638 ratings","2,025 reviews",In Pieces,https://www.goodreads.com/book/show/38508771-in-pieces?from_choice=true
243,Chrissy Metz,3.98,"9,157 ratings","1,100 reviews",This Is Me: Loving the Person You Are Today,https://www.goodreads.com/book/show/35582344-this-is-me?from_choice=true
244,Masaji Ishikawa,4.26,"27,823 ratings","3,024 reviews",A River in Darkness: One Man's Escape from North Korea,https://www.goodreads.com/book/show/35718164-a-river-in-darkness?from_choice=true
245,Patrisse Khan-Cullors,4.49,"7,024 ratings","1,259 reviews",When They Call You a Terrorist: A Black Lives Matter Memoir,https://www.goodreads.com/book/show/34964998-when-they-call-you-a-terrorist?from_choice=true
246,James Comey,4.20,"31,032 ratings","4,590 reviews","A Higher Loyalty: Truth, Lies, and Leadership",https://www.goodreads.com/book/show/35108805-a-higher-loyalty?from_choice=true
247,Maggie O'Farrell,4.00,"14,116 ratings","2,136 reviews","I Am, I Am, I Am: Seventeen Brushes with Death",https://www.goodreads.com/book/show/35137915-i-am-i-am-i-am?from_choice=true
248,Clemantine Wamariya,4.21,"9,564 ratings","1,399 reviews",The Girl Who Smiled Beads: A Story of War and What Comes After,https://www.goodreads.com/book/show/36086537-the-girl-who-smiled-beads?from_choice=true
249,Kate Bowler,3.76,"17,530 ratings","1,748 reviews",Everything Happens for a Reason: And Other Lies I've Loved,https://www.goodreads.com/book/show/35133923-everything-happens-for-a-reason?from_choice=true
250,Anthony Ray Hinton,4.60,"15,536 ratings","2,697 reviews",The Sun Does Shine: How I Found Life and Freedom on Death Row,https://www.goodreads.com/book/show/34964905-the-sun-does-shine?from_choice=true
251,Terese Marie Mailhot,3.88,"10,498 ratings","1,639 reviews",Heart Berries,https://www.goodreads.com/book/show/35840657-heart-berries?from_choice=true
252,Nicole Chung,3.92,"8,711 ratings","1,254 reviews",All You Can Ever Know: A Memoir,https://www.goodreads.com/book/show/30297153-all-you-can-ever-know?from_choice=true
253,Kelly Corrigan,4.18,"9,050 ratings","1,368 reviews",Tell Me More: Stories about the 12 Hardest Things I'm Learning to Say,https://www.goodreads.com/book/show/35018200-tell-me-more?from_choice=true
254,Lisa Brennan-Jobs,3.85,"10,299 ratings","1,295 reviews",Small Fry,https://www.goodreads.com/book/show/39218044-small-fry?from_choice=true
255,Rose McGowan,3.83,"4,793 ratings",755 reviews,Brave,https://www.goodreads.com/book/show/35068683-brave?from_choice=true
256,Meaghan O'Connell,3.96,"4,126 ratings",630 reviews,And Now We Have Everything: On Motherhood Before I Was Ready,https://www.goodreads.com/book/show/35959678-and-now-we-have-everything?from_choice=true
257,David Lynch,4.30,"1,830 ratings",279 reviews,Room to Dream,https://www.goodreads.com/book/show/35340555-room-to-dream?from_choice=true
258,Adam Cayton-Holland,4.15,827 ratings,133 reviews,Tragedy Plus Time: A Tragi-Comic Memoir,https://www.goodreads.com/book/show/36373407-tragedy-plus-time?from_choice=true
259,Kiese Laymon,4.46,"7,930 ratings","1,354 reviews",Heavy: An American Memoir,https://www.goodreads.com/book/show/29430746-heavy?from_choice=true
260,Maxwell King,4.02,"6,801 ratings","1,506 reviews",The Good Neighbor: The Life and Work of Fred Rogers,https://www.goodreads.com/book/show/38656999-the-good-neighbor?from_choice=true
261,Dave Itzkoff,4.18,"5,928 ratings","1,048 reviews",Robin,https://www.goodreads.com/book/show/37534762-robin?from_choice=true
262,Zora Neale Hurston,4.05,"11,147 ratings","1,841 reviews",Barracoon: The Story of the Last “Black Cargo”,https://www.goodreads.com/book/show/35959199-barracoon?from_choice=true
263,Liz Rosenberg,4.04,953 ratings,239 reviews,House of Dreams: The Life of L. M. Montgomery,https://www.goodreads.com/book/show/36369872-house-of-dreams?from_choice=true
264,Elaine F. Weiss,4.12,"1,040 ratings",275 reviews,The Woman's Hour: The Great Fight to Win the Vote,https://www.goodreads.com/book/show/35743037-the-woman-s-hour?from_choice=true
265,Catherine Kerrison,3.61,"1,139 ratings",260 reviews,"Jefferson's Daughters: Three Sisters, White and Black, in a Young America",https://www.goodreads.com/book/show/34859714-jefferson-s-daughters?from_choice=true
266,Keith O'Brien,3.94,"2,315 ratings",477 reviews,Fly Girls: How Five Daring Women Defied All Odds and Made Aviation History,https://www.goodreads.com/book/show/37488430-fly-girls?from_choice=true
267,Robert Kurson,4.53,"3,569 ratings",590 reviews,Rocket Men: The Daring Odyssey of Apollo 8 and the Astronauts Who Made Man's First Journey to the Moon,https://www.goodreads.com/book/show/35414997-rocket-men?from_choice=true
268,Nathaniel Philbrick,4.06,"1,477 ratings",251 reviews,In the Hurricane's Eye: The Genius of George Washington and the Victory at Yorktown,https://www.goodreads.com/book/show/38363272-in-the-hurricane-s-eye?from_choice=true
269,Dave Eggers,4.00,"9,023 ratings","1,164 reviews",The Monk of Mokha,https://www.goodreads.com/book/show/35342927-the-monk-of-mokha?from_choice=true
270,Doris Kearns Goodwin,4.41,"3,894 ratings",693 reviews,Leadership: In Turbulent Times,https://www.goodreads.com/book/show/38657386-leadership?from_choice=true
271,Dan Abrams,3.90,"2,465 ratings",362 reviews,Lincoln's Last Trial: The Murder Case That Propelled Him to the Presidency,https://www.goodreads.com/book/show/36743867-lincoln-s-last-trial?from_choice=true
272,David Christian,4.06,"2,320 ratings",272 reviews,Origin Story: A Big History of Everything,https://www.goodreads.com/book/show/36204285-origin-story?from_choice=true
273,Jill Lepore,4.41,"1,708 ratings",367 reviews,These Truths: A History of the United States,https://www.goodreads.com/book/show/38212158-these-truths?from_choice=true
274,Ronen Bergman,4.41,"2,219 ratings",243 reviews,Rise and Kill First: The Secret History of Israel's Targeted Assassinations,https://www.goodreads.com/book/show/33598223-rise-and-kill-first?from_choice=true
275,Sam Anderson,4.38,"2,084 ratings",381 reviews,"Boom Town: The Fantastical Saga of Oklahoma City, Its Chaotic Founding, Its Apocalyptic Weather, Its Purloined Basketball Team, and the Dream of Becoming a World-class Metropolis",https://www.goodreads.com/book/show/22318476-boom-town?from_choice=true
276,Lawrence Wright,4.03,"3,036 ratings",486 reviews,God Save Texas: A Journey Into the Soul of the Lone Star State,https://www.goodreads.com/book/show/35457359-god-save-texas?from_choice=true
277,Bill O'Reilly,4.05,"4,542 ratings",588 reviews,Killing the SS: The Hunt for the Worst War Criminals in History,https://www.goodreads.com/book/show/38714362-killing-the-ss?from_choice=true
278,Lynn Vincent,4.48,"2,375 ratings",474 reviews,Indianapolis: The True Story of the Worst Sea Disaster in U.S. Naval History and the Fifty-Year Fight to Exonerate an Innocent Man,https://www.goodreads.com/book/show/36373560-indianapolis?from_choice=true
279,Jon Meacham,4.26,"6,075 ratings","1,189 reviews",The Soul of America: The Battle for Our Better Angels,https://www.goodreads.com/book/show/38525349-the-soul-of-america?from_choice=true
280,Maxwell King,4.02,"6,801 ratings","1,506 reviews",The Good Neighbor: The Life and Work of Fred Rogers,https://www.goodreads.com/book/show/38656999-the-good-neighbor?from_choice=true
281,Dave Itzkoff,4.18,"5,928 ratings","1,048 reviews",Robin,https://www.goodreads.com/book/show/37534762-robin?from_choice=true
282,Zora Neale Hurston,4.05,"11,147 ratings","1,841 reviews",Barracoon: The Story of the Last “Black Cargo”,https://www.goodreads.com/book/show/35959199-barracoon?from_choice=true
283,Liz Rosenberg,4.04,953 ratings,239 reviews,House of Dreams: The Life of L. M. Montgomery,https://www.goodreads.com/book/show/36369872-house-of-dreams?from_choice=true
284,Elaine F. Weiss,4.12,"1,040 ratings",275 reviews,The Woman's Hour: The Great Fight to Win the Vote,https://www.goodreads.com/book/show/35743037-the-woman-s-hour?from_choice=true
285,Catherine Kerrison,3.61,"1,139 ratings",260 reviews,"Jefferson's Daughters: Three Sisters, White and Black, in a Young America",https://www.goodreads.com/book/show/34859714-jefferson-s-daughters?from_choice=true
286,Keith O'Brien,3.94,"2,315 ratings",477 reviews,Fly Girls: How Five Daring Women Defied All Odds and Made Aviation History,https://www.goodreads.com/book/show/37488430-fly-girls?from_choice=true
287,Robert Kurson,4.53,"3,569 ratings",590 reviews,Rocket Men: The Daring Odyssey of Apollo 8 and the Astronauts Who Made Man's First Journey to the Moon,https://www.goodreads.com/book/show/35414997-rocket-men?from_choice=true
288,Nathaniel Philbrick,4.06,"1,477 ratings",251 reviews,In the Hurricane's Eye: The Genius of George Washington and the Victory at Yorktown,https://www.goodreads.com/book/show/38363272-in-the-hurricane-s-eye?from_choice=true
289,Dave Eggers,4.00,"9,023 ratings","1,164 reviews",The Monk of Mokha,https://www.goodreads.com/book/show/35342927-the-monk-of-mokha?from_choice=true
290,Doris Kearns Goodwin,4.41,"3,894 ratings",693 reviews,Leadership: In Turbulent Times,https://www.goodreads.com/book/show/38657386-leadership?from_choice=true
291,Dan Abrams,3.90,"2,465 ratings",362 reviews,Lincoln's Last Trial: The Murder Case That Propelled Him to the Presidency,https://www.goodreads.com/book/show/36743867-lincoln-s-last-trial?from_choice=true
292,David Christian,4.06,"2,320 ratings",272 reviews,Origin Story: A Big History of Everything,https://www.goodreads.com/book/show/36204285-origin-story?from_choice=true
293,Jill Lepore,4.41,"1,708 ratings",367 reviews,These Truths: A History of the United States,https://www.goodreads.com/book/show/38212158-these-truths?from_choice=true
294,Ronen Bergman,4.41,"2,219 ratings",243 reviews,Rise and Kill First: The Secret History of Israel's Targeted Assassinations,https://www.goodreads.com/book/show/33598223-rise-and-kill-first?from_choice=true
295,Sam Anderson,4.38,"2,084 ratings",381 reviews,"Boom Town: The Fantastical Saga of Oklahoma City, Its Chaotic Founding, Its Apocalyptic Weather, Its Purloined Basketball Team, and the Dream of Becoming a World-class Metropolis",https://www.goodreads.com/book/show/22318476-boom-town?from_choice=true
296,Lawrence Wright,4.03,"3,036 ratings",486 reviews,God Save Texas: A Journey Into the Soul of the Lone Star State,https://www.goodreads.com/book/show/35457359-god-save-texas?from_choice=true
297,Bill O'Reilly,4.05,"4,542 ratings",588 reviews,Killing the SS: The Hunt for the Worst War Criminals in History,https://www.goodreads.com/book/show/38714362-killing-the-ss?from_choice=true
298,Lynn Vincent,4.48,"2,375 ratings",474 reviews,Indianapolis: The True Story of the Worst Sea Disaster in U.S. Naval History and the Fifty-Year Fight to Exonerate an Innocent Man,https://www.goodreads.com/book/show/36373560-indianapolis?from_choice=true
299,Jon Meacham,4.26,"6,075 ratings","1,189 reviews",The Soul of America: The Battle for Our Better Angels,https://www.goodreads.com/book/show/38525349-the-soul-of-america?from_choice=true
300,Stephen Brusatte,4.19,"7,222 ratings","1,232 reviews",The Rise and Fall of the Dinosaurs: A New History of a Lost World,https://www.goodreads.com/book/show/35820369-the-rise-and-fall-of-the-dinosaurs?from_choice=true
301,Stephen Hawking,4.32,"12,259 ratings","1,315 reviews",Brief Answers to the Big Questions,https://www.goodreads.com/book/show/40277241-brief-answers-to-the-big-questions?from_choice=true
302,Carl Zimmer,4.16,"1,845 ratings",338 reviews,"She Has Her Mother's Laugh: The Powers, Perversions, and Potential of Heredity",https://www.goodreads.com/book/show/36391536-she-has-her-mother-s-laugh?from_choice=true
303,Claire L. Evans,3.98,941 ratings,169 reviews,Broad Band: The Untold Story of the Women Who Made the Internet,https://www.goodreads.com/book/show/35953464-broad-band?from_choice=true
304,Michael Pollan,4.31,"17,072 ratings","2,188 reviews","How to Change Your Mind: What the New Science of Psychedelics Teaches Us about Consciousness, Dying, Addiction, Depression, and Transcendence",https://www.goodreads.com/book/show/36710811-how-to-change-your-mind?from_choice=true
305,Nick Pyenson,3.76,"1,147 ratings",200 reviews,"Spying on Whales: The Past, Present, and Future of Earth's Most Awesome Creatures",https://www.goodreads.com/book/show/36739330-spying-on-whales?from_choice=true
306,Michio Kaku,4.14,"3,645 ratings",515 reviews,"The Future of Humanity: Terraforming Mars, Interstellar Travel, Immortality, and Our Destiny Beyond Earth",https://www.goodreads.com/book/show/36407347-the-future-of-humanity?from_choice=true
307,Daniel H. Pink,3.78,"12,856 ratings","1,349 reviews",When: The Scientific Secrets of Perfect Timing,https://www.goodreads.com/book/show/35412097-when?from_choice=true
308,Carlo Rovelli,4.08,"6,292 ratings",913 reviews,The Order of Time,https://www.goodreads.com/book/show/36442813-the-order-of-time?from_choice=true
309,Neil deGrasse Tyson,3.57,"1,722 ratings",263 reviews,Accessory to War: The Unspoken Alliance Between Astrophysics and the Military,https://www.goodreads.com/book/show/38589832-accessory-to-war?from_choice=true
310,Adam Becker,4.26,867 ratings,147 reviews,What Is Real?: The Unfinished Quest for the Meaning of Quantum Physics,https://www.goodreads.com/book/show/35604796-what-is-real?from_choice=true
311,Christian Davenport,4.20,"1,355 ratings",158 reviews,"The Space Barons: Elon Musk, Jeff Bezos, and the Quest to Colonize the Cosmos",https://www.goodreads.com/book/show/36205015-the-space-barons?from_choice=true
312,Justin McElroy,4.05,"1,147 ratings",232 reviews,"The Sawbones Book: The Hilarious, Horrifying Road to Modern Medicine",https://www.goodreads.com/book/show/38749668-the-sawbones-book?from_choice=true
313,Sabine Hossenfelder,4.09,675 ratings,155 reviews,Lost in Math: How Beauty Leads Physics Astray,https://www.goodreads.com/book/show/36341728-lost-in-math?from_choice=true
314,Lucy Jones,4.14,625 ratings,123 reviews,The Big Ones: How Natural Disasters Have Shaped Us (and What We Can Do about Them),https://www.goodreads.com/book/show/35876360-the-big-ones?from_choice=true
315,Ryan North,4.15,"1,228 ratings",243 reviews,How to Invent Everything: A Survival Guide for the Stranded Time Traveler,https://www.goodreads.com/book/show/39026990-how-to-invent-everything?from_choice=true
316,Varun Sivaram,4.12,173 ratings,26 reviews,Taming the Sun: Innovations to Harness Solar Energy and Power the Planet,https://www.goodreads.com/book/show/36722606-taming-the-sun?from_choice=true
317,David Reich,4.19,"1,552 ratings",283 reviews,Who We Are and How We Got Here: Ancient DNA and the New Science of the Human Past,https://www.goodreads.com/book/show/35749414-who-we-are-and-how-we-got-here?from_choice=true
318,Safiya Umoja Noble,3.97,714 ratings,136 reviews,Algorithms of Oppression: How Search Engines Reinforce Racism,https://www.goodreads.com/book/show/34762552-algorithms-of-oppression?from_choice=true
319,David Quammen,3.96,"1,340 ratings",301 reviews,The Tangled Tree: A Radical New History of Life,https://www.goodreads.com/book/show/36373639-the-tangled-tree?from_choice=true
320,Chrissy Teigen,4.24,"2,861 ratings",251 reviews,Cravings: Hungry for More,https://www.goodreads.com/book/show/40004097-cravings?from_choice=true
321,Joanna Gaines,4.28,"2,717 ratings",325 reviews,Magnolia Table: A Collection of Recipes for Gathering,https://www.goodreads.com/book/show/36381100-magnolia-table?from_choice=true
322,Tasty,3.81,669 ratings,63 reviews,Tasty Latest and Greatest: Everything You Want to Cook Right Now (an Official Tasty Cookbook),https://www.goodreads.com/book/show/36627287-tasty-latest-and-greatest?from_choice=true
323,Alison Walsh,3.75,467 ratings,162 reviews,"A Literary Tea Party: Blends and Treats for Alice, Bilbo, Dorothy, Jo, and Book Lovers Everywhere",https://www.goodreads.com/book/show/35804613-a-literary-tea-party?from_choice=true
324,Ina Garten,3.98,863 ratings,90 reviews,Cook Like a Pro: Recipes and Tips for Home Cooks,https://www.goodreads.com/book/show/40006421-cook-like-a-pro?from_choice=true
325,Tim Federle,3.76,90 ratings,22 reviews,"Are You There God? It's Me, Margarita: More Cocktails with a Literary Twist",https://www.goodreads.com/book/show/38502290-are-you-there-god-it-s-me-margarita?from_choice=true
326,Lauren Toyota,4.29,467 ratings,50 reviews,Hot for Food Vegan Comfort Classics: 101 Recipes to Feed Your Face,https://www.goodreads.com/book/show/35306053-hot-for-food-vegan-comfort-classics?from_choice=true
327,Heather Kim,4.21,285 ratings,187 reviews,Sweet Revenge: Passive-Aggressive Desserts for Your Exes & Enemies,https://www.goodreads.com/book/show/36001408-sweet-revenge?from_choice=true
328,Giada De Laurentiis,3.80,273 ratings,27 reviews,Giada's Italy: My Recipes for La Dolce Vita,https://www.goodreads.com/book/show/35741051-giada-s-italy?from_choice=true
329,Gaz Oakley,4.19,304 ratings,32 reviews,Vegan 100: Over 100 Incredible Recipes from Avant-Garde Vegan,https://www.goodreads.com/book/show/35398011-vegan-100?from_choice=true
330,Bobby Flay,3.59,270 ratings,30 reviews,Bobby Flay Fit: 200 Recipes for a Healthy Lifestyle,https://www.goodreads.com/book/show/33656178-bobby-flay-fit?from_choice=true
331,Rosanna Pansino,4.10,192 ratings,19 reviews,Baking All Year Round: Holidays & Special Occasions,https://www.goodreads.com/book/show/38532190-baking-all-year-round?from_choice=true
332,Daniel Stone,4.04,"1,134 ratings",218 reviews,The Food Explorer: The True Adventures of the Globe-Trotting Botanist Who Transformed What America Eats,https://www.goodreads.com/book/show/35342935-the-food-explorer?from_choice=true
333,Edward Lee,4.04,765 ratings,124 reviews,Buttermilk Graffiti: A Chef’s Journey to Discover America’s New Melting-Pot Cuisine,https://www.goodreads.com/book/show/35592077-buttermilk-graffiti?from_choice=true
334,Gina Homolka,4.24,691 ratings,61 reviews,"Skinnytaste One and Done: 140 No-Fuss Dinners for Your Instant Pot®, Slow Cooker, Air Fryer, Sheet Pan, Skillet, Dutch Oven, and More: 140 No-Fuss Dinners Sheet Pan, Skillet, Dutch Oven, and More",https://www.goodreads.com/book/show/38121211-skinnytaste-one-and-done?from_choice=true
335,Yotam Ottolenghi,4.28,940 ratings,77 reviews,Ottolenghi Simple: A Cookbook,https://www.goodreads.com/book/show/39797678-ottolenghi-simple?from_choice=true
336,Mark Kurlansky,3.51,588 ratings,149 reviews,"Milk!: A 10,000-Year Food Fracas",https://www.goodreads.com/book/show/36711236-milk?from_choice=true
337,Camas Davis,3.77,438 ratings,82 reviews,Killing It: An Education,https://www.goodreads.com/book/show/36856216-killing-it?from_choice=true
338,Jonathan Kauffman,3.88,482 ratings,99 reviews,"Hippie Food: How Back-to-the-Landers, Longhairs, and Revolutionaries Changed the Way We Eat",https://www.goodreads.com/book/show/34017050-hippie-food?from_choice=true
339,Julia Turshen,3.91,179 ratings,30 reviews,"Now & Again: Go-To Recipes, Inspired Menus + Endless Ideas for Reinventing Leftovers",https://www.goodreads.com/book/show/37826508-now-again?from_choice=true
340,Sarah Andersen,4.20,"10,515 ratings","1,857 reviews",Herding Cats,https://www.goodreads.com/book/show/35924705-herding-cats?from_choice=true
341,Catana Chetwynd,4.29,"4,437 ratings",638 reviews,Little Moments of Love,https://www.goodreads.com/book/show/36374390-little-moments-of-love?from_choice=true
342,Brian K. Vaughan,4.45,"19,359 ratings","2,098 reviews","Saga, Vol. 8",https://www.goodreads.com/book/show/34963526-saga-vol-8?from_choice=true
343,G. Willow Wilson,4.18,"2,907 ratings",349 reviews,"Ms. Marvel, Vol. 8: Mecca",https://www.goodreads.com/book/show/34849019-ms-marvel-vol-8?from_choice=true
344,Jen Wang,4.45,"18,938 ratings","4,399 reviews",The Prince and the Dressmaker,https://www.goodreads.com/book/show/34506912-the-prince-and-the-dressmaker?from_choice=true
345,Brian K. Vaughan,4.17,"6,800 ratings",709 reviews,"Paper Girls, Vol. 4",https://www.goodreads.com/book/show/35989512-paper-girls-vol-4?from_choice=true
346,Clint McElroy,4.32,"10,560 ratings","1,235 reviews",The Adventure Zone: Here There Be Gerblins,https://www.goodreads.com/book/show/35684941-the-adventure-zone?from_choice=true
347,Pénélope Bagieu,4.53,"3,415 ratings",772 reviews,Brazen: Rebel Ladies Who Rocked the World,https://www.goodreads.com/book/show/34506937-brazen?from_choice=true
348,C.S. Pacat,4.05,"3,656 ratings",727 reviews,"Fence, Volume 1",https://www.goodreads.com/book/show/36373825-fence-volume-1?from_choice=true
349,Mari Andrew,3.99,"4,462 ratings",453 reviews,"Am I There Yet? The Loop-de-Loop, Zigzagging Journey to Adulthood",https://www.goodreads.com/book/show/35758072-am-i-there-yet-the-loop-de-loop-zigzagging-journey-to-adulthood?from_choice=true
350,Vera Brosgol,3.97,"7,134 ratings","1,055 reviews",Be Prepared,https://www.goodreads.com/book/show/30623067-be-prepared?from_choice=true
351,Tee Franklin,3.91,"4,703 ratings","1,057 reviews",Bingo Love,https://www.goodreads.com/book/show/36963204-bingo-love?from_choice=true
352,Marissa Meyer,4.23,"8,113 ratings","1,385 reviews",Gone Rogue,https://www.goodreads.com/book/show/34930815-gone-rogue?from_choice=true
353,Ngozi Ukazu,4.47,"5,218 ratings","1,284 reviews","Check, Please!: #Hockey, Vol. 1",https://www.goodreads.com/book/show/37534577-check-please?from_choice=true
354,Nick Drnaso,3.83,"7,475 ratings","1,187 reviews",Sabrina,https://www.goodreads.com/book/show/37533587-sabrina?from_choice=true
355,Kieron Gillen,4.07,"3,026 ratings",364 reviews,"The Wicked + The Divine, Vol. 6: Imperial Phase, Part 2",https://www.goodreads.com/book/show/35651693-the-wicked-the-divine-vol-6?from_choice=true
356,Marjorie M. Liu,4.27,"4,458 ratings",635 reviews,"Monstress, Vol. 3: Haven",https://www.goodreads.com/book/show/37491890-monstress-vol-3?from_choice=true
357,Jarrett J. Krosoczka,4.13,"12,193 ratings","1,629 reviews","Hey, Kiddo",https://www.goodreads.com/book/show/37822649-hey-kiddo?from_choice=true
358,Jeff Lemire,4.36,"1,990 ratings",225 reviews,"Black Hammer, Vol. 2: The Event",https://www.goodreads.com/book/show/34954925-black-hammer-vol-2?from_choice=true
359,Saladin Ahmed,3.94,"1,044 ratings",205 reviews,"Black Bolt, Vol. 1: Hard Time",https://www.goodreads.com/book/show/34849021-black-bolt-vol-1?from_choice=true
360,Amanda Lovelace,3.84,"14,470 ratings","2,623 reviews",The Witch Doesn't Burn in This One,https://www.goodreads.com/book/show/35924698-the-witch-doesn-t-burn-in-this-one?from_choice=true
361,Elizabeth Acevedo,4.45,"22,625 ratings","5,319 reviews",The Poet X,https://www.goodreads.com/book/show/35396841-the-poet-x?from_choice=true
362,Florence Welch,4.23,"3,538 ratings",392 reviews,Useless Magic: Lyrics and Poetry,https://www.goodreads.com/book/show/38255339-useless-magic?from_choice=true
363,Atticus Poetry,4.06,"3,696 ratings",428 reviews,The Dark Between Stars,https://www.goodreads.com/book/show/38926449-the-dark-between-stars?from_choice=true
364,Alice Walker,3.94,399 ratings,88 reviews,Taking the Arrow Out of the Heart,https://www.goodreads.com/book/show/38532187-taking-the-arrow-out-of-the-heart?from_choice=true
365,Kwame Alexander,4.27,"6,298 ratings",902 reviews,Rebound,https://www.goodreads.com/book/show/35999004-rebound?from_choice=true
366,Fatimah Asghar,4.30,"2,153 ratings",354 reviews,If They Come for Us,https://www.goodreads.com/book/show/36477795-if-they-come-for-us?from_choice=true
367,Andrea Gibson,3.93,"2,005 ratings",293 reviews,Take Me with You,https://www.goodreads.com/book/show/35260128-take-me-with-you?from_choice=true
368,Lang Leav,3.84,"4,370 ratings",547 reviews,Sea of Strangers,https://www.goodreads.com/book/show/36100966-sea-of-strangers?from_choice=true
369,R.H. Sin,3.83,"2,617 ratings",296 reviews,She Felt Like Feeling Nothing,https://www.goodreads.com/book/show/36456129-she-felt-like-feeling-nothing?from_choice=true
370,Rudy Francisco,4.39,"3,254 ratings",576 reviews,Helium,https://www.goodreads.com/book/show/34594981-helium?from_choice=true
371,Jason Reynolds,4.25,"5,575 ratings","1,181 reviews",For Every One,https://www.goodreads.com/book/show/35297455-for-every-one?from_choice=true
372,Tracy K. Smith,4.12,"1,306 ratings",238 reviews,Wade in the Water,https://www.goodreads.com/book/show/35782247-wade-in-the-water?from_choice=true
373,Neil Hilborn,4.22,754 ratings,112 reviews,The Future,https://www.goodreads.com/book/show/36479694-the-future?from_choice=true
374,Brittainy C. Cherry,4.03,717 ratings,198 reviews,A Love Letter from the Girls Who Feel Everything,https://www.goodreads.com/book/show/41241311-a-love-letter-from-the-girls-who-feel-everything?from_choice=true
375,Cleo Wade,4.20,"2,262 ratings",254 reviews,Heart Talk: Poetic Wisdom for a Better Life,https://www.goodreads.com/book/show/36036176-heart-talk?from_choice=true
376,Terrance Hayes,4.31,"1,212 ratings",184 reviews,American Sonnets for My Past and Future Assassin,https://www.goodreads.com/book/show/36479356-american-sonnets-for-my-past-and-future-assassin?from_choice=true
377,Joy McCullough,4.11,"4,036 ratings",939 reviews,Blood Water Paint,https://www.goodreads.com/book/show/35540804-blood-water-paint?from_choice=true
378,Leonard Cohen,4.08,933 ratings,170 reviews,The Flame,https://www.goodreads.com/book/show/37941942-the-flame?from_choice=true
379,Kevin Young,4.09,314 ratings,56 reviews,Brown: Poems,https://www.goodreads.com/book/show/35356376-brown?from_choice=true
380,Amanda Lovelace,3.84,"14,470 ratings","2,623 reviews",The Witch Doesn't Burn in This One,https://www.goodreads.com/book/show/35924698-the-witch-doesn-t-burn-in-this-one?from_choice=true
381,Elizabeth Acevedo,4.45,"22,625 ratings","5,319 reviews",The Poet X,https://www.goodreads.com/book/show/35396841-the-poet-x?from_choice=true
382,Florence Welch,4.23,"3,538 ratings",392 reviews,Useless Magic: Lyrics and Poetry,https://www.goodreads.com/book/show/38255339-useless-magic?from_choice=true
383,Atticus Poetry,4.06,"3,696 ratings",428 reviews,The Dark Between Stars,https://www.goodreads.com/book/show/38926449-the-dark-between-stars?from_choice=true
384,Alice Walker,3.94,399 ratings,88 reviews,Taking the Arrow Out of the Heart,https://www.goodreads.com/book/show/38532187-taking-the-arrow-out-of-the-heart?from_choice=true
385,Kwame Alexander,4.27,"6,298 ratings",902 reviews,Rebound,https://www.goodreads.com/book/show/35999004-rebound?from_choice=true
386,Fatimah Asghar,4.30,"2,153 ratings",354 reviews,If They Come for Us,https://www.goodreads.com/book/show/36477795-if-they-come-for-us?from_choice=true
387,Andrea Gibson,3.93,"2,005 ratings",293 reviews,Take Me with You,https://www.goodreads.com/book/show/35260128-take-me-with-you?from_choice=true
388,Lang Leav,3.84,"4,370 ratings",547 reviews,Sea of Strangers,https://www.goodreads.com/book/show/36100966-sea-of-strangers?from_choice=true
389,R.H. Sin,3.83,"2,617 ratings",296 reviews,She Felt Like Feeling Nothing,https://www.goodreads.com/book/show/36456129-she-felt-like-feeling-nothing?from_choice=true
390,Rudy Francisco,4.39,"3,254 ratings",576 reviews,Helium,https://www.goodreads.com/book/show/34594981-helium?from_choice=true
391,Jason Reynolds,4.25,"5,575 ratings","1,181 reviews",For Every One,https://www.goodreads.com/book/show/35297455-for-every-one?from_choice=true
392,Tracy K. Smith,4.12,"1,306 ratings",238 reviews,Wade in the Water,https://www.goodreads.com/book/show/35782247-wade-in-the-water?from_choice=true
393,Neil Hilborn,4.22,754 ratings,112 reviews,The Future,https://www.goodreads.com/book/show/36479694-the-future?from_choice=true
394,Brittainy C. Cherry,4.03,717 ratings,198 reviews,A Love Letter from the Girls Who Feel Everything,https://www.goodreads.com/book/show/41241311-a-love-letter-from-the-girls-who-feel-everything?from_choice=true
395,Cleo Wade,4.20,"2,262 ratings",254 reviews,Heart Talk: Poetic Wisdom for a Better Life,https://www.goodreads.com/book/show/36036176-heart-talk?from_choice=true
396,Terrance Hayes,4.31,"1,212 ratings",184 reviews,American Sonnets for My Past and Future Assassin,https://www.goodreads.com/book/show/36479356-american-sonnets-for-my-past-and-future-assassin?from_choice=true
397,Joy McCullough,4.11,"4,036 ratings",939 reviews,Blood Water Paint,https://www.goodreads.com/book/show/35540804-blood-water-paint?from_choice=true
398,Leonard Cohen,4.08,933 ratings,170 reviews,The Flame,https://www.goodreads.com/book/show/37941942-the-flame?from_choice=true
399,Kevin Young,4.09,314 ratings,56 reviews,Brown: Poems,https://www.goodreads.com/book/show/35356376-brown?from_choice=true
400,Tomi Adeyemi,4.20,"81,894 ratings","15,947 reviews",Children of Blood and Bone,https://www.goodreads.com/book/show/34728667-children-of-blood-and-bone?from_choice=true
401,A.J. Finn,3.94,"241,949 ratings","27,072 reviews",The Woman in the Window,https://www.goodreads.com/book/show/34848682-the-woman-in-the-window?from_choice=true
402,Heather Morris,4.28,"169,696 ratings","15,456 reviews",The Tattooist of Auschwitz,https://www.goodreads.com/book/show/37486222-the-tattooist-of-auschwitz?from_choice=true
403,Helen Hoang,3.92,"63,738 ratings","11,063 reviews",The Kiss Quotient,https://www.goodreads.com/book/show/36577586-the-kiss-quotient?from_choice=true
404,Alexandra Christo,3.98,"26,858 ratings","6,064 reviews",To Kill a Kingdom,https://www.goodreads.com/book/show/34499221-to-kill-a-kingdom?from_choice=true
405,Tommy Orange,4.02,"44,194 ratings","6,825 reviews",There There,https://www.goodreads.com/book/show/36692478-there-there?from_choice=true
406,R.F. Kuang,4.01,"17,049 ratings","3,664 reviews",The Poppy War,https://www.goodreads.com/book/show/35887181-the-poppy-war?from_choice=true
407,Emily X.R. Pan,4.15,"11,915 ratings","2,821 reviews",The Astonishing Color of After,https://www.goodreads.com/book/show/35604686-the-astonishing-color-of-after?from_choice=true
408,Catherine Steadman,3.63,"54,131 ratings","6,485 reviews",Something in the Water,https://www.goodreads.com/book/show/36388243-something-in-the-water?from_choice=true
409,C.J. Tudor,3.71,"39,088 ratings","6,188 reviews",The Chalk Man,https://www.goodreads.com/book/show/35356382-the-chalk-man?from_choice=true
410,Hank Green,4.06,"32,051 ratings","6,205 reviews",An Absolutely Remarkable Thing,https://www.goodreads.com/book/show/38186611-an-absolutely-remarkable-thing?from_choice=true
411,Fatima Farheen Mirza,4.15,"23,000 ratings","3,833 reviews",A Place for Us,https://www.goodreads.com/book/show/36840397-a-place-for-us?from_choice=true
412,Zeyn Joukhadar,3.89,"5,548 ratings","1,057 reviews",The Map of Salt and Stars,https://www.goodreads.com/book/show/36373417-the-map-of-salt-and-stars?from_choice=true
413,Stuart Turton,3.96,"43,389 ratings","8,960 reviews",The 7½ Deaths of Evelyn Hardcastle,https://www.goodreads.com/book/show/36337550-the-7-deaths-of-evelyn-hardcastle?from_choice=true
414,Adrienne Young,4.03,"15,774 ratings","3,850 reviews",Sky in the Deep,https://www.goodreads.com/book/show/34726469-sky-in-the-deep?from_choice=true
415,Shobha Rao,3.79,"11,763 ratings","1,882 reviews",Girls Burn Brighter,https://www.goodreads.com/book/show/34275212-girls-burn-brighter?from_choice=true
416,Mira T. Lee,3.93,"10,039 ratings","1,453 reviews",Everything Here Is Beautiful,https://www.goodreads.com/book/show/34262106-everything-here-is-beautiful?from_choice=true
417,Ingrid Rojas Contreras,3.95,"6,478 ratings",989 reviews,Fruit of the Drunken Tree,https://www.goodreads.com/book/show/36636727-fruit-of-the-drunken-tree?from_choice=true
418,C.L. Polk,3.90,"3,585 ratings",814 reviews,Witchmark,https://www.goodreads.com/book/show/36187116-witchmark?from_choice=true
419,Jack Carr,4.20,"3,043 ratings",430 reviews,The Terminal List,https://www.goodreads.com/book/show/35297106-the-terminal-list?from_choice=true
420,Becky Albertalli,3.95,"38,684 ratings","7,491 reviews",Leah on the Offbeat,https://www.goodreads.com/book/show/31180248-leah-on-the-offbeat?from_choice=true
421,Courtney Summers,4.22,"26,265 ratings","7,418 reviews",Sadie,https://www.goodreads.com/book/show/34810320-sadie?from_choice=true
422,Becky Albertalli,4.00,"30,600 ratings","6,700 reviews",What If It's Us,https://www.goodreads.com/book/show/36341204-what-if-it-s-us?from_choice=true
423,Jamie McGuire,3.93,"8,447 ratings","1,390 reviews",All the Little Lights,https://www.goodreads.com/book/show/36987719-all-the-little-lights?from_choice=true
424,Mackenzi Lee,4.16,"12,543 ratings","2,841 reviews",The Lady's Guide to Petticoats and Piracy,https://www.goodreads.com/book/show/37880094-the-lady-s-guide-to-petticoats-and-piracy?from_choice=true
425,Emily X.R. Pan,4.15,"11,915 ratings","2,821 reviews",The Astonishing Color of After,https://www.goodreads.com/book/show/35604686-the-astonishing-color-of-after?from_choice=true
426,Morgan Matson,3.81,"14,075 ratings","2,937 reviews",Save the Date,https://www.goodreads.com/book/show/32333338-save-the-date?from_choice=true
427,Maureen Johnson,4.05,"20,260 ratings","4,450 reviews",Truly Devious,https://www.goodreads.com/book/show/29589074-truly-devious?from_choice=true
428,Julie Murphy,4.05,"9,411 ratings","1,530 reviews",Puddin',https://www.goodreads.com/book/show/35887533-puddin?from_choice=true
429,Mary H.K. Choi,3.75,"14,831 ratings","3,148 reviews",Emergency Contact,https://www.goodreads.com/book/show/35297272-emergency-contact?from_choice=true
430,Kasie West,3.81,"11,300 ratings","2,156 reviews","Love, Life, and the List",https://www.goodreads.com/book/show/35520012-love-life-and-the-list?from_choice=true
431,Claire Kann,3.83,"4,207 ratings","1,283 reviews",Let's Talk About Love,https://www.goodreads.com/book/show/31625048-let-s-talk-about-love?from_choice=true
432,Jenn Bennett,4.04,"7,837 ratings","1,620 reviews",Starry Eyes,https://www.goodreads.com/book/show/35297469-starry-eyes?from_choice=true
433,Kara Thomas,3.81,"8,203 ratings","1,619 reviews",The Cheerleaders,https://www.goodreads.com/book/show/30969755-the-cheerleaders?from_choice=true
434,Brittany Cavallaro,4.03,"5,341 ratings",832 reviews,The Case for Jamie,https://www.goodreads.com/book/show/33810737-the-case-for-jamie?from_choice=true
435,Samira Ahmed,3.83,"8,180 ratings","1,932 reviews","Love, Hate & Other Filters",https://www.goodreads.com/book/show/31207017-love-hate-other-filters?from_choice=true
436,Tahereh Mafi,4.29,"13,803 ratings","3,410 reviews",A Very Large Expanse of Sea,https://www.goodreads.com/book/show/38720939-a-very-large-expanse-of-sea?from_choice=true
437,Jay Coles,3.89,"2,882 ratings",772 reviews,Tyler Johnson Was Here,https://www.goodreads.com/book/show/35604682-tyler-johnson-was-here?from_choice=true
438,Alice Oseman,4.23,"3,188 ratings",905 reviews,I Was Born for This,https://www.goodreads.com/book/show/34325090-i-was-born-for-this?from_choice=true
439,Sarina Bowen,4.10,"2,642 ratings",500 reviews,The Accidentals,https://www.goodreads.com/book/show/40239755-the-accidentals?from_choice=true
440,Sarah J. Maas,4.63,"69,641 ratings","10,716 reviews",Kingdom of Ash,https://www.goodreads.com/book/show/33590260-kingdom-of-ash?from_choice=true
441,Tomi Adeyemi,4.20,"81,894 ratings","15,947 reviews",Children of Blood and Bone,https://www.goodreads.com/book/show/34728667-children-of-blood-and-bone?from_choice=true
442,Holly Black,4.17,"93,325 ratings","16,457 reviews",The Cruel Prince,https://www.goodreads.com/book/show/26032825-the-cruel-prince?from_choice=true
443,Victoria Aveyard,3.87,"42,251 ratings","5,417 reviews",War Storm,https://www.goodreads.com/book/show/27188596-war-storm?from_choice=true
444,Sarah J. Maas,3.91,"79,969 ratings","10,869 reviews",A Court of Frost and Starlight,https://www.goodreads.com/book/show/31076583-a-court-of-frost-and-starlight?from_choice=true
445,Amie Kaufman,4.56,"22,868 ratings","5,702 reviews",Obsidio,https://www.goodreads.com/book/show/24909347-obsidio?from_choice=true
446,Neal Shusterman,4.52,"31,716 ratings","6,076 reviews",Thunderhead,https://www.goodreads.com/book/show/33555224-thunderhead?from_choice=true
447,Tahereh Mafi,4.25,"22,805 ratings","4,943 reviews",Restore Me,https://www.goodreads.com/book/show/34992929-restore-me?from_choice=true
448,Sabaa Tahir,4.25,"23,893 ratings","3,754 reviews",A Reaper at the Gates,https://www.goodreads.com/book/show/30809786-a-reaper-at-the-gates?from_choice=true
449,Marie Lu,4.00,"18,536 ratings","3,439 reviews",Wildcard,https://www.goodreads.com/book/show/29386918-wildcard?from_choice=true
450,Dhonielle Clayton,3.87,"13,411 ratings","3,651 reviews",The Belles,https://www.goodreads.com/book/show/23197837-the-belles?from_choice=true
451,Justina Ireland,4.16,"12,064 ratings","2,903 reviews",Dread Nation,https://www.goodreads.com/book/show/30223025-dread-nation?from_choice=true
452,Veronica Roth,3.93,"13,506 ratings","1,483 reviews",The Fates Divide,https://www.goodreads.com/book/show/35820633-the-fates-divide?from_choice=true
453,Adrienne Young,4.03,"15,774 ratings","3,850 reviews",Sky in the Deep,https://www.goodreads.com/book/show/34726469-sky-in-the-deep?from_choice=true
454,Laini Taylor,4.50,"20,726 ratings","4,319 reviews",Muse of Nightmares,https://www.goodreads.com/book/show/25446343-muse-of-nightmares?from_choice=true
455,Brandon Sanderson,4.55,"27,311 ratings","4,436 reviews",Skyward,https://www.goodreads.com/book/show/39348113-skyward?from_choice=true
456,Melissa Albert,3.60,"35,292 ratings","7,372 reviews",The Hazel Wood,https://www.goodreads.com/book/show/34275232-the-hazel-wood?from_choice=true
457,Stephanie Garber,4.26,"28,706 ratings","5,398 reviews",Legendary,https://www.goodreads.com/book/show/36329818-legendary?from_choice=true
458,Jay Kristoff,4.07,"4,958 ratings","1,594 reviews",Lifel1k3,https://www.goodreads.com/book/show/29456569-lifel1k3?from_choice=true
459,Susan Dennard,4.04,"3,397 ratings",734 reviews,Sightwitch,https://www.goodreads.com/book/show/35495083-sightwitch?from_choice=true
460,Rick Riordan,4.37,"21,835 ratings","2,817 reviews",The Burning Maze,https://www.goodreads.com/book/show/28006096-the-burning-maze?from_choice=true
461,Victoria Schwab,3.95,"17,586 ratings","3,886 reviews",City of Ghosts,https://www.goodreads.com/book/show/35403058-city-of-ghosts?from_choice=true
462,Neil Patrick Harris,3.91,"5,920 ratings","1,028 reviews",The Magic Misfits,https://www.goodreads.com/book/show/33784323-the-magic-misfits?from_choice=true
463,Roshani Chokshi,4.10,"7,473 ratings","1,746 reviews",Aru Shah and the End of Time,https://www.goodreads.com/book/show/36222611-aru-shah-and-the-end-of-time?from_choice=true
464,Aisha Saeed,4.23,"6,065 ratings","1,163 reviews",Amal Unbound,https://www.goodreads.com/book/show/36086513-amal-unbound?from_choice=true
465,Jewell Parker Rhodes,4.36,"6,707 ratings","1,357 reviews",Ghost Boys,https://www.goodreads.com/book/show/35959634-ghost-boys?from_choice=true
466,Jeanne Birdsall,4.09,"2,985 ratings",655 reviews,The Penderwicks at Last,https://www.goodreads.com/book/show/36644148-the-penderwicks-at-last?from_choice=true
467,Robert Beatty,4.24,"2,424 ratings",617 reviews,Willa of the Wood,https://www.goodreads.com/book/show/36546966-willa-of-the-wood?from_choice=true
468,Stacy McAnulty,4.26,"3,330 ratings",664 reviews,The Miscalculations of Lightning Girl,https://www.goodreads.com/book/show/33004208-the-miscalculations-of-lightning-girl?from_choice=true
469,Wendy Mass,4.08,"4,354 ratings","1,067 reviews",Bob,https://www.goodreads.com/book/show/36443315-bob?from_choice=true
470,Kelly Yang,4.39,"5,121 ratings","1,148 reviews",Front Desk,https://www.goodreads.com/book/show/36127488-front-desk?from_choice=true
471,Jason Reynolds,4.08,"3,186 ratings",675 reviews,Sunny,https://www.goodreads.com/book/show/35297562-sunny?from_choice=true
472,Erin Entrada Kelly,3.78,"2,694 ratings",435 reviews,You Go First,https://www.goodreads.com/book/show/35068526-you-go-first?from_choice=true
473,Veera Hiranandani,4.20,"3,869 ratings",849 reviews,The Night Diary,https://www.goodreads.com/book/show/35464020-the-night-diary?from_choice=true
474,Sayantani DasGupta,3.85,"2,095 ratings",495 reviews,The Serpent's Secret,https://www.goodreads.com/book/show/32618983-the-serpent-s-secret?from_choice=true
475,Kate DiCamillo,4.33,"4,806 ratings","1,140 reviews",Louisiana's Way Home,https://www.goodreads.com/book/show/39217633-louisiana-s-way-home?from_choice=true
476,Holly Black,4.06,"4,565 ratings",604 reviews,The Golden Tower,https://www.goodreads.com/book/show/37822631-the-golden-tower?from_choice=true
477,Brandon Mull,4.42,"1,973 ratings",317 reviews,Wrath of the Dragon King,https://www.goodreads.com/book/show/38903002-wrath-of-the-dragon-king?from_choice=true
478,Katherine Arden,4.02,"3,482 ratings",889 reviews,Small Spaces,https://www.goodreads.com/book/show/36959639-small-spaces?from_choice=true
479,Amy Makechnie,4.10,337 ratings,114 reviews,The Unforgettable Guinevere St. Clair,https://www.goodreads.com/book/show/36373280-the-unforgettable-guinevere-st-clair?from_choice=true
480,Rick Riordan,4.37,"21,835 ratings","2,817 reviews",The Burning Maze,https://www.goodreads.com/book/show/28006096-the-burning-maze?from_choice=true
481,Victoria Schwab,3.95,"17,586 ratings","3,886 reviews",City of Ghosts,https://www.goodreads.com/book/show/35403058-city-of-ghosts?from_choice=true
482,Neil Patrick Harris,3.91,"5,920 ratings","1,028 reviews",The Magic Misfits,https://www.goodreads.com/book/show/33784323-the-magic-misfits?from_choice=true
483,Roshani Chokshi,4.10,"7,473 ratings","1,746 reviews",Aru Shah and the End of Time,https://www.goodreads.com/book/show/36222611-aru-shah-and-the-end-of-time?from_choice=true
484,Aisha Saeed,4.23,"6,065 ratings","1,163 reviews",Amal Unbound,https://www.goodreads.com/book/show/36086513-amal-unbound?from_choice=true
485,Jewell Parker Rhodes,4.36,"6,707 ratings","1,357 reviews",Ghost Boys,https://www.goodreads.com/book/show/35959634-ghost-boys?from_choice=true
486,Jeanne Birdsall,4.09,"2,985 ratings",655 reviews,The Penderwicks at Last,https://www.goodreads.com/book/show/36644148-the-penderwicks-at-last?from_choice=true
487,Robert Beatty,4.24,"2,424 ratings",617 reviews,Willa of the Wood,https://www.goodreads.com/book/show/36546966-willa-of-the-wood?from_choice=true
488,Stacy McAnulty,4.26,"3,330 ratings",664 reviews,The Miscalculations of Lightning Girl,https://www.goodreads.com/book/show/33004208-the-miscalculations-of-lightning-girl?from_choice=true
489,Wendy Mass,4.08,"4,354 ratings","1,067 reviews",Bob,https://www.goodreads.com/book/show/36443315-bob?from_choice=true
490,Kelly Yang,4.39,"5,121 ratings","1,148 reviews",Front Desk,https://www.goodreads.com/book/show/36127488-front-desk?from_choice=true
491,Jason Reynolds,4.08,"3,186 ratings",675 reviews,Sunny,https://www.goodreads.com/book/show/35297562-sunny?from_choice=true
492,Erin Entrada Kelly,3.78,"2,694 ratings",435 reviews,You Go First,https://www.goodreads.com/book/show/35068526-you-go-first?from_choice=true
493,Veera Hiranandani,4.20,"3,869 ratings",849 reviews,The Night Diary,https://www.goodreads.com/book/show/35464020-the-night-diary?from_choice=true
494,Sayantani DasGupta,3.85,"2,095 ratings",495 reviews,The Serpent's Secret,https://www.goodreads.com/book/show/32618983-the-serpent-s-secret?from_choice=true
495,Kate DiCamillo,4.33,"4,806 ratings","1,140 reviews",Louisiana's Way Home,https://www.goodreads.com/book/show/39217633-louisiana-s-way-home?from_choice=true
496,Holly Black,4.06,"4,565 ratings",604 reviews,The Golden Tower,https://www.goodreads.com/book/show/37822631-the-golden-tower?from_choice=true
497,Brandon Mull,4.42,"1,973 ratings",317 reviews,Wrath of the Dragon King,https://www.goodreads.com/book/show/38903002-wrath-of-the-dragon-king?from_choice=true
498,Katherine Arden,4.02,"3,482 ratings",889 reviews,Small Spaces,https://www.goodreads.com/book/show/36959639-small-spaces?from_choice=true
499,Amy Makechnie,4.10,337 ratings,114 reviews,The Unforgettable Guinevere St. Clair,https://www.goodreads.com/book/show/36373280-the-unforgettable-guinevere-st-clair?from_choice=true
500,Grace Byers,4.20,"2,483 ratings",418 reviews,I Am Enough,https://www.goodreads.com/book/show/35396839-i-am-enough?from_choice=true
501,Jill Twiss,4.74,"10,890 ratings","1,941 reviews",A Day in the Life of Marlon Bundo,https://www.goodreads.com/book/show/39319247-a-day-in-the-life-of-marlon-bundo?from_choice=true
502,Vashti Harrison,4.59,"1,723 ratings",385 reviews,Little Leaders: Bold Women in Black History,https://www.goodreads.com/book/show/35488059-little-leaders?from_choice=true
503,Ryan T. Higgins,4.51,"3,481 ratings",818 reviews,We Don't Eat Our Classmates,https://www.goodreads.com/book/show/36341954-we-don-t-eat-our-classmates?from_choice=true
504,Marianna Coppo,3.97,"1,837 ratings",314 reviews,Petra,https://www.goodreads.com/book/show/35138182-petra?from_choice=true
505,Cori Doerrfeld,4.44,"2,568 ratings",571 reviews,The Rabbit Listened,https://www.goodreads.com/book/show/35248504-the-rabbit-listened?from_choice=true
506,Sophie Blackall,4.36,"2,616 ratings",715 reviews,Hello Lighthouse,https://www.goodreads.com/book/show/35580105-hello-lighthouse?from_choice=true
507,Terry Fan,4.25,"2,163 ratings",483 reviews,Ocean Meets Sky,https://www.goodreads.com/book/show/36373562-ocean-meets-sky?from_choice=true
508,Matt de la Pena,4.26,"3,787 ratings",731 reviews,Love,https://www.goodreads.com/book/show/35356379-love?from_choice=true
509,Jessica Love,4.45,"3,440 ratings",788 reviews,Julián Is a Mermaid,https://www.goodreads.com/book/show/26532714-juli-n-is-a-mermaid?from_choice=true
510,Peter H. Reynolds,4.27,"2,363 ratings",398 reviews,The Word Collector,https://www.goodreads.com/book/show/35566693-the-word-collector?from_choice=true
511,Brian Selznick,3.91,"3,035 ratings",675 reviews,"Baby Monkey, Private Eye",https://www.goodreads.com/book/show/35182933-baby-monkey-private-eye?from_choice=true
512,Minh Lê,4.35,"3,103 ratings",631 reviews,Drawn Together,https://www.goodreads.com/book/show/34791219-drawn-together?from_choice=true
513,Junot Díaz,4.46,"2,433 ratings",574 reviews,Islandborn,https://www.goodreads.com/book/show/35631757-islandborn?from_choice=true
514,Jason Flom,4.04,237 ratings,75 reviews,Lulu is a Rhinoceros,https://www.goodreads.com/book/show/40524608-lulu-is-a-rhinoceros?from_choice=true
515,Jacqueline Woodson,4.53,"2,939 ratings",650 reviews,The Day You Begin,https://www.goodreads.com/book/show/37506301-the-day-you-begin?from_choice=true
516,Daniel Haack,4.40,"1,211 ratings",329 reviews,Prince & Knight,https://www.goodreads.com/book/show/34204247-prince-knight?from_choice=true
517,Jillian Tamaki,3.83,"1,510 ratings",384 reviews,They Say Blue,https://www.goodreads.com/book/show/35833840-they-say-blue?from_choice=true
518,Matt Haig,4.31,"1,454 ratings",209 reviews,The Truth Pixie,https://www.goodreads.com/book/show/41443051-the-truth-pixie?from_choice=true
519,Jen Campbell,4.11,294 ratings,54 reviews,Franklin and Luna Go to the Moon,https://www.goodreads.com/book/show/38495981-franklin-and-luna-go-to-the-moon?from_choice=true
